Utility_Capacity[kW], 1,
BOILER,0.000000,
HPHIGH,0.000000,
HPLOW,-1569.559501,
SOFC,0.000000,
TURBINE,1021.622720,
SOLAR,251.640367,
ICENGINE,0.000000,
end;
Utility_Capacity[kW], 1,
BOILER,0.000000,
HPHIGH,0.000000,
HPLOW,-1569.559501,
SOFC,0.000000,
TURBINE,1021.622720,
SOLAR,251.640367,
ICENGINE,0.000000,
end;
Utility_Capacity[kW], 1,
BOILER,0.000000,
HPHIGH,0.000000,
HPLOW,-1569.559501,
SOFC,0.000000,
TURBINE,1021.622720,
SOLAR,251.640367,
ICENGINE,0.000000,
end;
Utility_Capacity[kW], 1,
BOILER,0.000000,
HPHIGH,0.000000,
HPLOW,-1569.559501,
SOFC,0.000000,
TURBINE,1021.622720,
SOLAR,251.640367,
ICENGINE,0.000000,
end;
